{ "BookLP_100" : "Book",
  "BookLP_101" : "Book",
  "BookLP_102" : "Book",
  "BookLP_103" : "Book",
  "BookLP_104" : "Book",
  "BookLP_105" : "Book",
  "BookLP_106" : "Book",
  "BookLP_107" : "Book",
  "BookLP_108" : "Book",
  "BookLP_109" : "Book",
  "BookLP_11" : "Book",
  "BookLP_110" : "Book",
  "BookLP_111" : "Book",
  "BookLP_112" : "Book",
  "BookLP_113" : "Book",
  "BookLP_114" : "Book",
  "BookLP_115" : "Book",
  "BookLP_116" : "Book",
  "BookLP_117" : "Book",
  "BookLP_118" : "Book",
  "BookLP_119" : "Book",
  "BookLP_12" : "Book",
  "BookLP_120" : "Book",
  "BookLP_121" : "Book",
  "BookLP_122" : "Book",
  "BookLP_123" : "Book",
  "BookLP_124" : "Book",
  "BookLP_125" : "Book",
  "BookLP_126" : "Book",
  "BookLP_127" : "Book",
  "BookLP_128" : "Book",
  "BookLP_129" : "Book",
  "BookLP_13" : "Book",
  "BookLP_130" : "Book",
  "BookLP_131" : "Book",
  "BookLP_132" : "Book",
  "BookLP_133" : "Book",
  "BookLP_134" : "Book",
  "BookLP_135" : "Book",
  "BookLP_136" : "Book",
  "BookLP_137" : "Book",
  "BookLP_138" : "Book",
  "BookLP_139" : "Book",
  "BookLP_14" : "Book",
  "BookLP_140" : "Book",
  "BookLP_141" : "Book",
  "BookLP_142" : "Book",
  "BookLP_143" : "Book",
  "BookLP_144" : "Book",
  "BookLP_145" : "Book",
  "BookLP_146" : "Book",
  "BookLP_147" : "Book",
  "BookLP_148" : "Book",
  "BookLP_149" : "Book",
  "BookLP_15" : "Book",
  "BookLP_150" : "Book",
  "BookLP_151" : "Book",
  "BookLP_152" : "Book",
  "BookLP_153" : "Book",
  "BookLP_154" : "Book",
  "BookLP_155" : "Book",
  "BookLP_156" : "Book",
  "BookLP_157" : "Book",
  "BookLP_158" : "Book",
  "BookLP_159" : "Book",
  "BookLP_16" : "Book",
  "BookLP_160" : "Book",
  "BookLP_161" : "Book",
  "BookLP_162" : "Book",
  "BookLP_163" : "Book",
  "BookLP_164" : "Book",
  "BookLP_165" : "Book",
  "BookLP_166" : "Book",
  "BookLP_167" : "Book",
  "BookLP_168" : "Book",
  "BookLP_169" : "Book",
  "BookLP_170" : "Book",
  "BookLP_171" : "Book",
  "BookLP_172" : "Book",
  "BookLP_173" : "Book",
  "BookLP_174" : "Book",
  "BookLP_175" : "Book",
  "BookLP_176" : "Book",
  "BookLP_177" : "Book",
  "BookLP_178" : "Book",
  "BookLP_179" : "Book",
  "BookLP_181" : "Book",
  "BookLP_182" : "Book",
  "BookLP_29" : "Book",
  "BookLP_30" : "Book",
  "BookLP_31" : "Book",
  "BookLP_32" : "Book",
  "BookLP_33" : "Book",
  "BookLP_34" : "Book",
  "BookLP_35" : "Book",
  "BookLP_36" : "Book",
  "BookLP_37" : "Book",
  "BookLP_38" : "Book",
  "BookLP_39" : "Book",
  "BookLP_40" : "Book",
  "BookLP_41" : "Book",
  "BookLP_42" : "Book",
  "BookLP_43" : "Book",
  "BookLP_44" : "Book",
  "BookLP_45" : "Book",
  "BookLP_46" : "Book",
  "BookLP_47" : "Book",
  "BookLP_48" : "Book",
  "BookLP_49" : "Book",
  "BookLP_5" : "Book",
  "BookLP_50" : "Book",
  "BookLP_51" : "Book",
  "BookLP_52" : "Book",
  "BookLP_53" : "Book",
  "BookLP_54" : "Book",
  "BookLP_55" : "Book",
  "BookLP_56" : "Book",
  "BookLP_57" : "Book",
  "BookLP_58" : "Book",
  "BookLP_59" : "Book",
  "BookLP_60" : "Book",
  "BookLP_61" : "Book",
  "BookLP_62" : "Book",
  "BookLP_63" : "Book",
  "BookLP_64" : "Book",
  "BookLP_65" : "Book",
  "BookLP_66" : "Book",
  "BookLP_67" : "Book",
  "BookLP_68" : "Book",
  "BookLP_69" : "Book",
  "BookLP_70" : "Book",
  "BookLP_71" : "Book",
  "BookLP_72" : "Book",
  "BookLP_73" : "Book",
  "BookLP_74" : "Book",
  "BookLP_75" : "Book",
  "BookLP_81" : "Book",
  "BookLP_82" : "Book",
  "BookLP_83" : "Book",
  "BookLP_84" : "Book",
  "BookLP_85" : "Book",
  "BookLP_86" : "Book",
  "BookLP_87" : "Book",
  "BookLP_88" : "Book",
  "BookLP_89" : "Book",
  "BookLP_90" : "Book",
  "BookLP_91" : "Book",
  "BookLP_92" : "Book",
  "BookLP_93" : "Book",
  "BookLP_94" : "Book",
  "BookLP_95" : "Book",
  "BookLP_96" : "Book",
  "BookLP_97" : "Book",
  "BookLP_98" : "Book",
  "BookLP_99" : "Book",
  "Carpet_5" : "Carpet",
  "Carpet_7" : "Carpet",
  "CoatHookBacking_7" : "CoatHookBacking",
  "CoatHook_16" : "CoatHook",
  "CoatHook_17" : "CoatHook",
  "CoatHook_18" : "CoatHook",
  "CoatHook_19" : "CoatHook",
  "Couch_13" : "Couch",
  "EditorPlane_23" : "EditorPlane",
  "EditorPlane_24" : "EditorPlane",
  "EditorPlane_25" : "EditorPlane",
  "EditorPlane_26" : "EditorPlane",
  "EditorPlane_27" : "EditorPlane",
  "EditorPlane_31" : "EditorPlane",
  "EditorPlane_32" : "EditorPlane",
  "EditorPlane_33" : "EditorPlane",
  "EditorPlane_34" : "EditorPlane",
  "EditorSkySphere_4" : "EditorSkySphere",
  "Mug_22" : "Mug",
  "Mug_30" : "Mug",
  "Plug_12" : "Plug",
  "Plug_13" : "Plug",
  "Plug_16" : "Plug",
  "Plug_19" : "Plug",
  "Plug_21" : "Plug",
  "Plug_24" : "Plug",
  "Plug_28" : "Plug",
  "SM_Background_8" : "Background",
  "SM_Balcony_34" : "Balcony",
  "SM_Balcony_35" : "Balcony",
  "SM_Balcony_36" : "Balcony",
  "SM_Balcony_37" : "Balcony",
  "SM_BlackBox_23" : "BlackBox",
  "SM_BlackBox_24" : "BlackBox",
  "SM_BlackBox_25" : "BlackBox",
  "SM_BlackBox_26" : "BlackBox",
  "SM_BlackBox_27" : "BlackBox",
  "SM_BlackBox_Hole_16" : "BlackBox",
  "SM_Bowl_27" : "Bowl",
  "SM_Bowl_28" : "Bowl",
  "SM_Bowl_29" : "Bowl",
  "SM_CoffeeTable_14" : "CoffeeTable",
  "SM_Couch_1seat_5" : "Couch",
  "SM_Curtain_42" : "Curtain",
  "SM_Curtain_43" : "Curtain",
  "SM_Curtain_45" : "Curtain",
  "SM_DeskLamp_5" : "DeskLamp",
  "SM_Door_37" : "Door",
  "SM_Door_39" : "Door",
  "SM_Door_41" : "Door",
  "SM_FloorLamp_5" : "FloorLamp",
  "SM_FloorLamp_7" : "FloorLamp",
  "SM_FloorLamp_8" : "FloorLamp",
  "SM_Frame_15" : "Frame",
  "SM_Frame_3" : "Frame",
  "SM_Frame_38" : "Frame",
  "SM_Frame_39" : "Frame",
  "SM_Frame_4" : "Frame",
  "SM_Frame_5" : "Frame",
  "SM_Plant_7" : "Plant",
  "SM_Plant_8" : "Plant",
  "SM_Railing_20" : "Railing",
  "SM_Railing_21" : "Railing",
  "SM_Railing_23" : "Railing",
  "SM_Railing_24" : "Railing",
  "SM_Railing_25" : "Railing",
  "SM_Railing_26" : "Railing",
  "SM_Railing_27" : "Railing",
  "SM_Railing_28" : "Railing",
  "SM_Railing_29" : "Railing",
  "SM_Railing_30" : "Railing",
  "SM_Railing_31" : "Railing",
  "SM_Railing_32" : "Railing",
  "SM_Railing_33" : "Railing",
  "SM_Railing_34" : "Railing",
  "SM_Railing_35" : "Railing",
  "SM_Railing_36" : "Railing",
  "SM_Railing_37" : "Railing",
  "SM_Railing_38" : "Railing",
  "SM_Room_7" : "Room",
  "SM_Room_OuterShell_14" : "Room",
  "SM_RoundCeilingLight_10" : "RoundCeilingLight",
  "SM_RoundCeilingLight_11" : "RoundCeilingLight",
  "SM_RoundCeilingLight_12" : "RoundCeilingLight",
  "SM_RoundCeilingLight_13" : "RoundCeilingLight",
  "SM_RoundCeilingLight_14" : "RoundCeilingLight",
  "SM_RoundCeilingLight_16" : "RoundCeilingLight",
  "SM_RoundCeilingLight_17" : "RoundCeilingLight",
  "SM_RoundCeilingLight_4" : "RoundCeilingLight",
  "SM_RoundCeilingLight_9" : "RoundCeilingLight",
  "SM_Shelving_10" : "Shelving",
  "SM_Shelving_12" : "Shelving",
  "SM_Shelving_6" : "Shelving",
  "SM_Shelving_7" : "Shelving",
  "SM_Shelving_8" : "Shelving",
  "SM_Shelving_9" : "Shelving",
  "SM_Socket_11" : "Socket",
  "SM_Socket_12" : "Socket",
  "SM_Socket_15" : "Socket",
  "SM_Socket_22" : "Socket",
  "SM_Socket_24" : "Socket",
  "SM_Socket_25" : "Socket",
  "SM_Socket_26" : "Socket",
  "SM_Socket_27" : "Socket",
  "SM_TV_5" : "TV",
  "SM_Vase_13" : "Vase",
  "SM_Vase_14" : "Vase",
  "SM_Vase_15" : "Vase",
  "SM_Vase_16" : "Vase",
  "SM_Vase_17" : "Vase",
  "SM_Vase_18" : "Vase",
  "SM_Vase_19" : "Vase",
  "SM_Vase_20" : "Vase",
  "SM_Vase_21" : "Vase",
  "SM_Vase_22" : "Vase",
  "SM_Vase_30" : "Vase",
  "SM_Vase_31" : "Vase",
  "S_Trim_Floor_10" : "Trim_Floor",
  "SlidingDoors_5" : "SlidingDoors",
  "Statue_48" : "Statue",
  "Switch_10" : "Switch",
  "Switch_2" : "Switch",
  "Switch_29" : "Switch",
  "Switch_7" : "Switch",
  "Switch_8" : "Switch",
  "WallPiece1_22" : "WallPiece",
  "WallPiece2_24" : "WallPiece",
  "WallPiece3_26" : "WallPiece",
  "WallPiece4_28" : "WallPiece",
  "WallPiece5_30" : "WallPiece",
  "WallPiece6_32" : "WallPiece",
  "Wire1_14" : "Wire",
  "Wire1_15" : "Wire",
  "Wire1_17" : "Wire",
  "Wire1_18" : "Wire",
  "Wire1_20" : "Wire",
  "Wire1_23" : "Wire",
  "Wire1_25" : "Wire",
  "Wire1_27" : "Wire",
  "Wire1_30" : "Wire"
}
