[
  [
    {
      "y": 0.0,
      "x": 0.0,
      "z": 136.335
    },
    {
      "yaw": 297.717,
      "roll": 0.0,
      "pitch": 341.382
    }
  ],
  [
    {
      "y": -11.622,
      "x": 69.022,
      "z": 126.405
    },
    {
      "yaw": 72.858,
      "roll": 0.0,
      "pitch": 345.077
    }
  ],
  [
    {
      "y": 119.505,
      "x": -118.047,
      "z": 91.144
    },
    {
      "yaw": 81.939,
      "roll": 0.0,
      "pitch": 350.047
    }
  ],
  [
    {
      "y": 182.901,
      "x": -24.567,
      "z": 91.144
    },
    {
      "yaw": 204.11,
      "roll": 0.0,
      "pitch": 348.332
    }
  ],
  [
    {
      "y": 18.127,
      "x": -116.743,
      "z": 112.849
    },
    {
      "yaw": 247.967,
      "roll": 0.0,
      "pitch": 344.902
    }
  ],
  [
    {
      "y": -108.646,
      "x": -42.643,
      "z": 91.144
    },
    {
      "yaw": 131.981,
      "roll": 0.0,
      "pitch": 347.368
    }
  ],
  [
    {
      "y": 76.38,
      "x": -64.29,
      "z": 91.144
    },
    {
      "yaw": 10.718,
      "roll": 0.0,
      "pitch": 331.229
    }
  ],
  [
    {
      "y": 47.125,
      "x": -59.001,
      "z": 91.144
    },
    {
      "yaw": 314.241,
      "roll": 0.0,
      "pitch": 320.085
    }
  ],
  [
    {
      "y": 217.545,
      "x": -20.997,
      "z": 91.144
    },
    {
      "yaw": 283.691,
      "roll": 0.0,
      "pitch": 335.04
    }
  ],
  [
    {
      "y": 217.545,
      "x": -20.997,
      "z": 91.144
    },
    {
      "yaw": 163.916,
      "roll": 0.0,
      "pitch": 355.049
    }
  ]
]